        <!-- Tabela data -->
        <table name="data">
            <column name="id">1</column>
            <column name="dia">22</column>
            <column name="mes">12</column>
            <column name="ano">2019</column>
        </table>
        <table name="data">
            <column name="id">2</column>
            <column name="dia">22</column>
            <column name="mes">1</column>
            <column name="ano">2020</column>
        </table>
        <table name="data">
            <column name="id">3</column>
            <column name="dia">22</column>
            <column name="mes">2</column>
            <column name="ano">2020</column>
        </table>
        <table name="data">
            <column name="id">4</column>
            <column name="dia">22</column>
            <column name="mes">3</column>
            <column name="ano">2020</column>
        </table>
        <table name="data">
            <column name="id">5</column>
            <column name="dia">22</column>
            <column name="mes">4</column>
            <column name="ano">2020</column>
        </table>
